Tweet id,Tweet permalink,Tweet text,time,impressions,engagements,engagement rate,retweets,replies,likes,user profile clicks,url clicks,hashtag clicks,detail expands,permalink clicks,app opens,app installs,follows,email tweet,dial phone,media views,media engagements,promoted impressions,promoted engagements,promoted engagement rate,promoted retweets,promoted replies,promoted likes,promoted user profile clicks,promoted url clicks,promoted hashtag clicks,promoted detail expands,promoted permalink clicks,promoted app opens,promoted app installs,promoted follows,promoted email tweet,promoted dial phone,promoted media views,promoted media engagements
1.09101E+18,https://twitter.com/ISED_CA/status/1091010784770043904,"Looking for #data on #GoC services or for financials, national demographic info or high res maps? Discover that and more on the #OpenGovernment portal: https://t.co/SWpWabTFm3 @TBS_Canada #opendata #GCdigital https://t.co/6Z7AYYZNxF",2019-01-31 16:30 +0000,6155,35,0.005686434,7,0,9,2,7,0,10,0,0,0,0,0,0,0,0,-,-,-,-,-,-,-,-,-,-,-,-,-,-,-,-,-,-
1.09069E+18,https://twitter.com/ISED_CA/status/1090686347344527361,Learn how to tell a story through #data. Discover the benefits of developing interactive #datavisualizations: https://t.co/B38tCIKNQA #GCdigital https://t.co/qaBTchj5dB,2019-01-30 19:01 +0000,3888,85,0.02186214,5,0,5,5,32,10,21,0,0,0,0,0,0,7,7,-,-,-,-,-,-,-,-,-,-,-,-,-,-,-,-,-,-
1.09065E+18,https://twitter.com/ISED_CA/status/1090649457266487297,#DYK that 1 in 5 Canadians will experience a form of mental illness in their life? Break the stigma! #BellLetsTalk https://t.co/czvV4R8i5W,2019-01-30 16:34 +0000,6169,122,0.019776301,12,0,13,9,0,2,8,0,0,0,0,0,0,753,78,-,-,-,-,-,-,-,-,-,-,-,-,-,-,-,-,-,-
1.0903E+18,https://twitter.com/ISED_CA/status/1090299173595955201,#DYK the #GoC has an #app gallery? Browse and download apps that were built by #Canadians using #opendata. https://t.co/5GQGCk5p6J #GCdigital https://t.co/z6OdB5evER,2019-01-29 17:22 +0000,3919,29,0.007399847,1,1,3,0,17,1,5,0,0,0,0,0,0,1,1,-,-,-,-,-,-,-,-,-,-,-,-,-,-,-,-,-,-
1.09002E+18,https://twitter.com/ISED_CA/status/1090021833028657153,Have questions on public information? We have answers in the #GoC #OpenData Inventory. Take a look:  https://t.co/ZbOLd4AXwf #GCdigital https://t.co/B60FAW8INM,2019-01-28 23:00 +0000,2660,11,0.004135338,1,0,1,2,4,0,3,0,0,0,0,0,0,0,0,-,-,-,-,-,-,-,-,-,-,-,-,-,-,-,-,-,-
1.0889E+18,https://twitter.com/ISED_CA/status/1088896836558090241,Minister Joly was at @UQAR to celebrate upgrades to its #infrastructure that allow the university to make better use of its world-class expertise  https://t.co/jYIQupmYMQ #cdninnovation https://t.co/L4HQNcK9yi,2019-01-25 20:30 +0000,2867,9,0.00313917,2,0,0,1,0,0,4,0,0,0,0,0,0,2,2,-,-,-,-,-,-,-,-,-,-,-,-,-,-,-,-,-,-
1.08887E+18,https://twitter.com/ISED_CA/status/1088870386299781121,Support through the #StrategicInnovationFund will help @Nokia create today‚Äôs innovations and tomorrow‚Äôs jobs. https://t.co/CJcM1cf4HE,2019-01-25 18:45 +0000,16055,175,0.010900031,11,3,19,18,8,5,7,0,0,0,0,0,0,104,104,-,-,-,-,-,-,-,-,-,-,-,-,-,-,-,-,-,-
1.08852E+18,https://twitter.com/ISED_CA/status/1088519399403859974,Thank you to all #NFPs who applied for a chance to get up to $250k for #consumerresearch. Last call for proposals is Jan 30: https://t.co/DuozHv0a9S,2019-01-24 19:30 +0000,2401,11,0.004581424,0,0,0,1,3,1,6,0,0,0,0,0,0,0,0,-,-,-,-,-,-,-,-,-,-,-,-,-,-,-,-,-,-
1.08848E+18,https://twitter.com/ISED_CA/status/1088481926195875840,"#StrategicInnovationFund investment will help @SiemensCanada, @NB_Power and @nspowerinc secure jobs, bring cheaper energy to consumers and protect the environment. https://t.co/EkH9tBXySB",2019-01-24 17:01 +0000,6086,88,0.014459415,10,0,20,10,3,1,7,1,0,0,1,0,0,35,35,-,-,-,-,-,-,-,-,-,-,-,-,-,-,-,-,-,-
1.0881E+18,https://twitter.com/ISED_CA/status/1088102871399362561,"#DYK that you can patent products, processes, machines and chemical compositions? https://t.co/nRPgOWvhUO",2019-01-23 15:55 +0000,2021,7,0.003463632,0,0,3,1,2,1,0,0,0,0,0,0,0,0,0,-,-,-,-,-,-,-,-,-,-,-,-,-,-,-,-,-,-
1.08775E+18,https://twitter.com/ISED_CA/status/1087749303815290880,"#Superclusters are supercharging #Canada‚Äôs job market with more than 50,000 new jobs! #CdnInnovation https://t.co/UWJ4NtJRsw https://t.co/3VvHSwPY77",2019-01-22 16:30 +0000,2445,23,0.009406953,2,0,6,2,7,1,3,0,0,0,0,0,0,2,2,-,-,-,-,-,-,-,-,-,-,-,-,-,-,-,-,-,-
1.08739E+18,https://twitter.com/ISED_CA/status/1087385631376986113,"#Superclusters show the potential and ingenuity #Canada holds. Through this initiative, we are building the economy of the future. #CdnInnovation https://t.co/viaS38ivth https://t.co/mamiobtweU",2019-01-21 16:25 +0000,3251,32,0.009843125,3,0,7,2,9,0,4,0,0,0,0,0,0,7,7,-,-,-,-,-,-,-,-,-,-,-,-,-,-,-,-,-,-
1.0863E+18,https://twitter.com/ISED_CA/status/1086303018511929344,"The future is looking #automated, #connected and #clean. The #GoC is working to position #Canada to be a leader in the development of groundbreaking and innovative #cars. https://t.co/82DgPcWWJq",2019-01-18 16:43 +0000,6022,50,0.008302889,5,1,20,7,2,0,6,0,0,0,0,0,0,9,9,-,-,-,-,-,-,-,-,-,-,-,-,-,-,-,-,-,-
1.08601E+18,https://twitter.com/ISED_CA/status/1086014059659649026,"The automotive industry is changing, and we are focused on the future ‚Äì building on our strength and anticipating the technology, talent, infrastructure and consumer needs of that future.",2019-01-17 21:35 +0000,2727,19,0.006967363,0,1,1,9,0,0,8,0,0,0,0,0,0,0,0,-,-,-,-,-,-,-,-,-,-,-,-,-,-,-,-,-,-
1.086E+18,https://twitter.com/ISED_CA/status/1085995514053693440,"Have you heard? The proposed #air #passenger #regulations will be published in Part I of the #Canada Gazette for a 60-day comment period starting December 22, 2018. The regulations are not yet final, or in effect! Send your #input by Feb. 20, 2019 to consultations @CTA_gc.",2019-01-17 20:21 +0000,3110,8,0.002572347,1,1,2,4,0,0,0,0,0,0,0,0,0,0,0,-,-,-,-,-,-,-,-,-,-,-,-,-,-,-,-,-,-
1.08595E+18,https://twitter.com/ISED_CA/status/1085952461951651840,"Thank you to everyone who submitted a nomination for the 2019 #PMAwards!   Nominations are now closed, but you can get inspired for next year by learning about former recipients: https://t.co/jViqJEdiql https://t.co/DnZ1teITqD",2019-01-17 17:30 +0000,2286,13,0.005686789,1,0,2,1,8,0,0,0,0,0,0,0,0,1,1,-,-,-,-,-,-,-,-,-,-,-,-,-,-,-,-,-,-
1.08595E+18,https://twitter.com/ISED_CA/status/1085945270637076482,"#ICYMI: Our latest episode of #InnovationLive üé• featured Anil Arora, Chief Statistician @StatCan_eng; and Graham Flack, Deputy Minister @SocDevSoc talking about the #Data #Strategy for the Federal Public Service at #3GCDC. üìäüñ•Ô∏èü§ì Check it out: https://t.co/qcQg6euxKj https://t.co/LZS96yVOjz",2019-01-17 17:01 +0000,8937,37,0.004140092,3,0,7,2,9,1,8,0,0,0,0,0,0,7,7,-,-,-,-,-,-,-,-,-,-,-,-,-,-,-,-,-,-
1.08562E+18,https://twitter.com/ISED_CA/status/1085620002592575488,"#DYK: In 2017, Canada produced a vehicle every 14 seconds. That‚Äôs 2.2 million vehicles in a year, which has an enormously positive impact on our economy. https://t.co/5AwSJEIEec",2019-01-16 19:29 +0000,2549,9,0.003530796,1,0,5,0,0,0,2,0,0,0,0,0,0,1,1,-,-,-,-,-,-,-,-,-,-,-,-,-,-,-,-,-,-
1.08529E+18,https://twitter.com/ISED_CA/status/1085288899499511811,"Minister Duclos, on behalf of Minister Bains, announces #highspeedInternet funding for Thetford Mines, #Quebec. #ConnectToInnovate https://t.co/epRRKYyM4p https://t.co/8u7oOitFgJ",2019-01-15 21:33 +0000,2353,17,0.007224819,1,0,2,2,6,3,2,0,0,0,0,0,0,1,1,-,-,-,-,-,-,-,-,-,-,-,-,-,-,-,-,-,-
1.08519E+18,https://twitter.com/ISED_CA/status/1085189983651033089,Is your vehicle made in Canada? To find out: https://t.co/I9R5w8lcea #CanadaatNAIAS,2019-01-15 15:00 +0000,2333,20,0.008572653,1,0,2,0,12,1,4,0,0,0,0,0,0,0,0,-,-,-,-,-,-,-,-,-,-,-,-,-,-,-,-,-,-
1.08517E+18,https://twitter.com/ISED_CA/status/1085167287898906630,üî¥ #InnovationLiveüé•  is on air now from #3GCDC. Check it out! üìäüñ•Ô∏èü§ì https://t.co/Cq6xH68XjO https://t.co/D2qV3ilUjb,2019-01-15 13:30 +0000,2058,56,0.027210884,1,0,2,2,24,6,10,0,0,0,0,0,0,11,11,-,-,-,-,-,-,-,-,-,-,-,-,-,-,-,-,-,-
1.08516E+18,https://twitter.com/ISED_CA/status/1085159877142609922,üîîThe first #InnovationLive episode of 2019 starts at 8:30 a.m. (ET) on FB. You won‚Äôt want to miss it! üìäüñ•Ô∏èü§ì #3GCDC https://t.co/Cq6xH68XjO https://t.co/BvOBCAtOjk,2019-01-15 13:00 +0000,2097,19,0.009060563,2,1,1,2,6,0,6,0,0,0,0,0,0,1,1,-,-,-,-,-,-,-,-,-,-,-,-,-,-,-,-,-,-
1.08496E+18,https://twitter.com/ISED_CA/status/1084955849502703616,"This week, we‚Äôre covering one of Canada‚Äôs largest manufacturing sectors: the #autosector! Look out for fun factoids and statements that will surprise and wow you! üöó https://t.co/rdiIQtnMgJ",2019-01-14 23:30 +0000,4084,24,0.005876592,3,1,7,3,2,1,2,0,0,0,0,0,0,5,5,-,-,-,-,-,-,-,-,-,-,-,-,-,-,-,-,-,-
1.08492E+18,https://twitter.com/ISED_CA/status/1084918214319058946,Minister Bains now in Detroit to meet with auto stakeholders to promote Canada‚Äôs automotive sector and its workers. #CanadaatNAIAS,2019-01-14 21:00 +0000,3078,13,0.004223522,4,0,6,2,0,1,0,0,0,0,0,0,0,0,0,-,-,-,-,-,-,-,-,-,-,-,-,-,-,-,-,-,-
1.08491E+18,https://twitter.com/ISED_CA/status/1084914405475827715,The #GoC is taking action to support Canadian workers through the auto sector. These investments are creating jobs &amp; keeping our auto industry strong and competitive globally. https://t.co/XeACOWAnPc https://t.co/af7O7Cs88b,2019-01-14 20:45 +0000,2515,26,0.010337972,2,0,4,1,8,0,6,0,0,0,0,0,0,5,5,-,-,-,-,-,-,-,-,-,-,-,-,-,-,-,-,-,-
1.08486E+18,https://twitter.com/ISED_CA/status/1084858025196875784,"Tune in to #InnovationLiveüé• on #FB tmrw at 8:30 a.m. (ET). Our hosts will speak to two very special guests: Anil Arora, Chief Statistician @StatCan_eng; and Graham Flack, Deputy Minister @SocDevSoc, on the #Data #Strategy for the Federal Public Service. üìäüñ•Ô∏èü§ì #3GCDC https://t.co/jJHMHyOR3B",2019-01-14 17:01 +0000,9405,88,0.009356725,20,0,16,12,5,8,9,0,0,0,1,0,0,17,17,-,-,-,-,-,-,-,-,-,-,-,-,-,-,-,-,-,-
1.08484E+18,https://twitter.com/ISED_CA/status/1084837069766172673,Today is the last day to submit your nominations for the #PMAwards for Teaching Excellence! Recognize outstanding educators who are nurturing the minds of üá®üá¶ ‚Äôs future leaders and innovators! https://t.co/wDnvvyp8WW https://t.co/BWjPzaK2QD,2019-01-14 15:38 +0000,2283,14,0.006132282,1,1,4,3,2,0,2,0,0,0,0,0,0,1,1,-,-,-,-,-,-,-,-,-,-,-,-,-,-,-,-,-,-
1.08382E+18,https://twitter.com/ISED_CA/status/1083818294963044353,"The Digital Literacy Exchange Program supports #DigitalSkills for Cdns who are newly discovering, or haven‚Äôt yet discovered, the benefits of being online. https://t.co/01vW1zQUiW",2019-01-11 20:09 +0000,2617,28,0.010699274,1,0,4,2,7,4,1,0,0,0,0,0,0,9,9,-,-,-,-,-,-,-,-,-,-,-,-,-,-,-,-,-,-
1.08377E+18,https://twitter.com/ISED_CA/status/1083770646532886528,"#DYK the #GoC uses the power of #data to drive better public policy and services for Cdns? üìäüñ•Ô∏èü§ì Our next #InnoationLive on FB features special guests Anil Arora, Chief Statistician @StatCan_eng, and Graham Flack, Deputy Minister @SocDevSoc. #3GCDC https://t.co/JbtvWX6voc",2019-01-11 17:00 +0000,6556,120,0.018303844,12,0,10,8,3,11,34,0,0,0,1,0,0,41,41,-,-,-,-,-,-,-,-,-,-,-,-,-,-,-,-,-,-
1.08348E+18,https://twitter.com/ISED_CA/status/1083476101815590912,"PS Lametti was at @yorkuniversity to celebrate the expansion of the @SchulichSchool, one of the university‚Äôs recently completed #infrastructure projects. https://t.co/lxxaPVhQUD #Cdninnovation https://t.co/KnV87sBsPQ",2019-01-10 21:30 +0000,2624,22,0.008384146,1,0,3,3,3,1,9,0,0,0,0,0,0,2,2,-,-,-,-,-,-,-,-,-,-,-,-,-,-,-,-,-,-
1.08347E+18,https://twitter.com/ISED_CA/status/1083469105544482817,#StrategicInnovationFund investment will help @AlgomaSteelInc secure jobs in the steel industry while supporting #Cdninnovation in Sault Ste. Marie. https://t.co/CzErIM0Kkw,2019-01-10 21:02 +0000,6104,72,0.011795544,7,2,10,7,5,2,9,0,0,0,0,0,0,30,30,-,-,-,-,-,-,-,-,-,-,-,-,-,-,-,-,-,-
1.08345E+18,https://twitter.com/ISED_CA/status/1083445325011079168,"Min Wilkinson was at @uvic to celebrate the completion of an #infrastructure project, the university‚Äôs newly renovated Ocean Climate Campus! https://t.co/SJUtKN3ucc #CdnInnovation https://t.co/GCs34Pm5gS",2019-01-10 19:27 +0000,2283,9,0.003942181,0,0,3,2,3,0,1,0,0,0,0,0,0,0,0,-,-,-,-,-,-,-,-,-,-,-,-,-,-,-,-,-,-
1.08304E+18,https://twitter.com/ISED_CA/status/1083039241477808128,Monday is the last day to nominate an outstanding &amp; #innovative educator for the #PMAwards. Don‚Äôt miss out on nominating someone for one of  ‚Äôs highest teaching honours! https://t.co/dhQUNY4IuM https://t.co/owI92DUMD5,2019-01-09 16:34 +0000,4301,77,0.017902813,4,0,0,1,6,1,63,0,0,0,0,0,0,2,2,-,-,-,-,-,-,-,-,-,-,-,-,-,-,-,-,-,-
1.08268E+18,https://twitter.com/ISED_CA/status/1082675851009945603,Are you looking for student #grants and #scholarships? Don‚Äôt stress! Check out the #GoC‚Äôs #education benefits: https://t.co/kFiQ1XOMcT https://t.co/lXwiH15Zq4,2019-01-08 16:30 +0000,4460,60,0.013452915,9,0,5,5,26,3,8,0,0,0,0,0,0,4,4,-,-,-,-,-,-,-,-,-,-,-,-,-,-,-,-,-,-
1.08233E+18,https://twitter.com/ISED_CA/status/1082330246802739202,"The #GoC is investing in the #economy and Cdn #tourism. Coming to #Charlevoix, the very first @ClubMedCanada will highlight #Canada‚Äôs best tourism features! Find out more: https://t.co/RSUQWSzTFI https://t.co/51pLxqLN9j",2019-01-07 17:36 +0000,5908,70,0.011848341,8,0,15,2,15,4,21,1,0,0,0,0,0,4,4,-,-,-,-,-,-,-,-,-,-,-,-,-,-,-,-,-,-
1.08123E+18,https://twitter.com/ISED_CA/status/1081227798075883520,"New year, new home? Are you thinking about making that big purchase? The #GoC can help! Check out its programs and services: https://t.co/qA9z5UEzSR https://t.co/0O48da23p9",2019-01-04 16:36 +0000,4088,33,0.008072407,4,0,1,2,20,1,3,0,0,0,0,0,0,2,2,-,-,-,-,-,-,-,-,-,-,-,-,-,-,-,-,-,-
1.08087E+18,https://twitter.com/ISED_CA/status/1080872202755547136,Is #2019 the year of #travel for you? Say no more! Check out the #GoC‚Äôs travel advice to make sure you‚Äôre safe and prepared: https://t.co/2QGBa0pUWG https://t.co/YktGod3iB2,2019-01-03 17:03 +0000,2451,24,0.009791922,0,0,2,2,12,0,4,0,0,0,0,0,0,4,4,-,-,-,-,-,-,-,-,-,-,-,-,-,-,-,-,-,-
1.0805E+18,https://twitter.com/ISED_CA/status/1080501515545120770,"Canada is continuing its tradition of honouring teaching excellence. Know a deserving candidate? Submit your nomination before January 14, 2019! https://t.co/lm6CxHrMs2 https://t.co/Nnp3XTlmct",2019-01-02 16:30 +0000,3190,29,0.009090909,3,0,4,2,20,0,0,0,0,0,0,0,0,0,0,-,-,-,-,-,-,-,-,-,-,-,-,-,-,-,-,-,-
1.08014E+18,https://twitter.com/ISED_CA/status/1080139128312942593,"Wishing you a happy and healthy #newyear! Follow our accounts on Facebook (Canadian Innovation), Instagram (@cdninnovation) and LinkedIn to stay up to date with #ISED in 2019. https://t.co/trUEQRBluB",2019-01-01 16:30 +0000,3521,28,0.007952286,2,1,9,9,2,1,2,0,0,0,1,0,0,1,1,-,-,-,-,-,-,-,-,-,-,-,-,-,-,-,-,-,-
